,upper_salary,lower_salary,state,city,Job Title,Company Rating,company_name,tot_employment_in_state,Annual mean wage(2),Annual median wage(2),range_avg_to_mean_ratio,range_avg_to_median_ratio,labels,total_new_post_rat
0,84000.0,57000.0,WI,Onalaska,Associate Stop Loss Underwriter,2.7,The Insurance Center,3090.0,105250.0,101850.0,0.669833729216152,0.6921944035346097,midwest,0.001941747572815534
1,148165.49199084667,104355.33180778033,WI,Eau Claire,Marketing Advertising Analyst,3.0,"Net Health Shops, LLC",3090.0,105250.0,101850.0,1.1996238660267315,1.2396702199245313,midwest,0.001941747572815534
2,160000.0,135000.0,WI,Madison,Manager - IT Infrastructure Engineering,3.9,UW Credit Union,3090.0,105250.0,101850.0,1.4014251781472684,1.448208149239077,midwest,0.001941747572815534
3,84000.0,59000.0,WI,Wausau,Associate Stop Loss Underwriter,2.7,The Insurance Center,3090.0,105250.0,101850.0,0.6793349168646081,0.7020127638684339,midwest,0.001941747572815534
4,87000.0,58000.0,WI,New Berlin,"Supply Chain Data Analyst (Day Shift) - New Berlin, WI #347106",3.5,DB SCHENKER,3090.0,105250.0,101850.0,0.6888361045130641,0.7118311242022582,midwest,0.001941747572815534
5,100000.0,100000.0,WI,Milwaukee,Senior Data Scientist - Reinforcement Learning (RLHF),3.9,Northwestern Mutual,3090.0,105250.0,101850.0,0.9501187648456056,0.9818360333824252,midwest,0.001941747572815534
6,157000.0,106000.0,KS,Wichita,Manager of Data Science,3.4,"Nuvative, Inc.",3771.764705882353,107000.0,101610.0,1.2289719626168225,1.2941639602401338,midwest,0.0002651278852152214
7,141000.0,105000.0,TN,Nashville,Senior Data Product Manager,4.2,ProviderTrust,2090.0,97710.0,92400.0,1.2588271415412955,1.3311688311688312,south,0.0023923444976076554
8,148165.49199084667,104355.33180778033,TN,Memphis,Marketing Analyst,3.8123006833712982,"Redwood Services, LLC.",2090.0,97710.0,92400.0,1.2921953935043855,1.3664546742349946,south,0.0023923444976076554
9,155000.0,86000.0,TN,Memphis,Computational Engineer (Level II or Senior),4.5,St. Jude Children's Research Hospital,2090.0,97710.0,92400.0,1.2332412240302937,1.3041125541125542,south,0.0023923444976076554
10,78000.0,73000.0,TN,Nashville,Employee Relations Manager,1.0,Esquire Law Services,2090.0,97710.0,92400.0,0.7726947088322588,0.8170995670995671,south,0.0023923444976076554
11,132000.0,112000.0,TN,Franklin,Data Science Engineer - Remote,3.6,Pager,2090.0,97710.0,92400.0,1.248592774536895,1.3203463203463204,south,0.0023923444976076554
12,113000.0,90000.0,OR,Portland,Oncology Nurse Navigator,3.6,Inizio Engage,2640.0,124480.0,114910.0,0.815392030848329,0.8832999738926116,west,0.0007575757575757576
13,95000.0,95000.0,OR,Myrtle Point,Senior Clinical Informatics Analyst,3.8,SCA Health,2640.0,124480.0,114910.0,0.7631748071979434,0.8267339657122966,west,0.0007575757575757576
14,148000.0,89000.0,PA,Pittsburgh,Head of Artificial Intelligence â€“ Americas Region,3.6,Covestro,7490.0,102370.0,97260.0,1.157565693074143,1.2183837137569402,east,0.0020026702269692926
15,148165.49199084667,104355.33180778033,PA,Pittsburgh,Software Measurement and Estimation Analyst,3.8123006833712982,Carnegie Mellon University Software Engineering Institute,7490.0,102370.0,97260.0,1.233373174751524,1.298174089032629,east,0.0020026702269692926
16,46000.0,40000.0,PA,Chester,Violence Prevention Data Coordinator,3.8123006833712982,Chester Community Coalition,7490.0,102370.0,97260.0,0.4200449350395623,0.442113921447666,east,0.0020026702269692926
17,111000.0,61000.0,PA,Pittsburgh,Senior Research Scientist - Adversarial Machine Learning,4.4,Carnegie Mellon University,7490.0,102370.0,97260.0,0.8400898700791247,0.8842278428953321,east,0.0020026702269692926
20,95000.0,95000.0,PA,Spring House,Postdoctoral Scientist - Data Science (Digital Measurement),4.2,Johnson & Johnson,7490.0,102370.0,97260.0,0.9280062518315912,0.9767633148262388,east,0.0020026702269692926
21,100000.0,61000.0,PA,Pittsburgh,Clinical Educator,3.6,Inizio Engage,7490.0,102370.0,97260.0,0.7863631923415063,0.8276783878264445,east,0.0020026702269692926
22,182000.0,145000.0,PA,Malvern,"Head of Data Science & Machine Learning, Personal Investor",3.7,Vanguard,7490.0,102370.0,97260.0,1.5971476018364756,1.6810610734114744,east,0.0020026702269692926
23,117000.0,86000.0,PA,Philadelphia,Sr. Reporting and Analytics Specialist,3.9,Veolia NA,7490.0,102370.0,97260.0,0.9915014164305948,1.0435944889985609,east,0.0020026702269692926
24,78000.0,51000.0,PA,Radnor,"Senior Analyst, eCommerce Search",3.4,Airgas,7490.0,102370.0,97260.0,0.6300674025593436,0.6631708821714991,east,0.0020026702269692926
25,148165.49199084667,104355.33180778033,PA,Philadelphia,"Director, Data Science",3.8,Comcast Corporation,7490.0,102370.0,97260.0,1.233373174751524,1.298174089032629,east,0.0020026702269692926
26,98000.0,53000.0,PA,Philadelphia,"Medical Science Liaison, Endocrinology/Rare Disease",3.6,Inizio Engage,7490.0,102370.0,97260.0,0.7375207580345804,0.7762697923092741,east,0.0020026702269692926
27,137000.0,103000.0,PA,Malvern,FinTech Data Scientist,3.7,Vanguard,7490.0,102370.0,97260.0,1.1722184233662205,1.2338062924120914,east,0.0020026702269692926
28,130000.0,90000.0,PA,Lancaster,Inventory Management Data Scientist,4.3,Clark Associates,7490.0,102370.0,97260.0,1.074533554752369,1.1309891013777504,east,0.0020026702269692926
29,58240.0,45760.0,AL,Tuscaloosa,"Data Center Services Technician - IT, Crypto Mining",3.8123006833712982,Growler Mining,1120.0,99040.0,100560.0,0.5250403877221325,0.5171042163882259,south,0.008035714285714287
30,85000.0,85000.0,AL,Huntsville,Senior Data Analyst,4.0,PCI Government Services,1120.0,99040.0,100560.0,0.8582390953150242,0.845266507557677,south,0.008035714285714287
35,137000.0,85000.0,AL,Huntsville,Data Scientist,3.8,"CODE Plus, Inc.",1120.0,99040.0,100560.0,1.1207592891760905,1.10381861575179,south,0.008035714285714287
37,41600.0,41600.0,AL,Selma,Field Data Collector (PPC),3.9,Mathematica Policy Research,1120.0,99040.0,100560.0,0.420032310177706,0.4136833731105807,south,0.008035714285714287
38,80000.0,58000.0,ND,Ellendale,Data Center Construction Coordinator,3.8123006833712982,Applied Digital,240.0,102410.0,113620.0,0.6737623278976662,0.6072874493927125,midwest,0.004166666666666667
39,175000.0,151000.0,MA,Dedham,Senior AIOps Engineer,4.4,Health Data Analytics Institute,7400.0,125100.0,121560.0,1.3029576338928857,1.340901612372491,east,0.0017567567567567566
40,104000.0,104000.0,MA,Lexington,IT Site Engineer (labs),3.4,Oxford Global Resources,7400.0,125100.0,121560.0,0.8313349320543565,0.855544587035209,east,0.0017567567567567566
41,200000.0,153000.0,MA,Boston,Sr. Digital Signal Processing Engineer,3.8123006833712982,Cherish Health,7400.0,125100.0,121560.0,1.410871302957634,1.451957880881869,east,0.0017567567567567566
42,105000.0,100000.0,MA,Boston,Data Scientist,3.8,Commonwealth Health Insurance Connector Authority,7400.0,125100.0,121560.0,0.8193445243804957,0.843205001645278,east,0.0017567567567567566
43,200000.0,140000.0,MA,Boston,Sr. Data Science Engineer,3.8123006833712982,Cherish Health,7400.0,125100.0,121560.0,1.3589128697042363,1.3984863441921684,east,0.0017567567567567566
46,157000.0,118000.0,MA,Cambridge,Data Science Engineer II,3.3,ConcertAI,7400.0,125100.0,121560.0,1.09912070343725,1.1311286607436657,east,0.0017567567567567566
48,247000.0,141000.0,MA,Boston,"Director I, Data Science",3.7,Liberty Mutual,7400.0,125100.0,121560.0,1.5507593924860112,1.595919710431063,east,0.0017567567567567566
49,129000.0,92000.0,MA,Westwood,Data Scientist,3.6,Citizens,7400.0,125100.0,121560.0,0.8832933653077538,0.9090161237249096,east,0.0017567567567567566
50,158000.0,158000.0,MA,Marlborough,Director Data Science,3.0,BJ's Wholesale Club,7400.0,125100.0,121560.0,1.2629896083133494,1.2997696610727212,east,0.0017567567567567566
51,160000.0,106000.0,MA,Boston,Knowledge Analyst - (Gen) AI and Digital Transformation,4.2,Boston Consulting Group,7400.0,125100.0,121560.0,1.0631494804156674,1.094109904573873,east,0.0017567567567567566
52,245000.0,166000.0,FL,Tampa,Principal Data Scientist,3.8123006833712982,HelloGov,8400.0,106490.0,95360.0,1.929758662785238,2.154991610738255,south,0.0032142857142857147
53,65000.0,60000.0,FL,Palm Beach Gardens,Training Department Supervisor,1.0,Esquire Law Services,8400.0,106490.0,95360.0,0.5869095689736126,0.6554110738255033,south,0.0032142857142857147
54,169000.0,112000.0,FL,Miami,Senior Data Scientist,4.1,Idea Financial,8400.0,106490.0,95360.0,1.319372711052681,1.4733640939597314,south,0.0032142857142857147
55,90000.0,90000.0,FL,Coral Gables,Senior Data Analyst (Hybrid Remote),4.1,Genuine Health Group,8400.0,106490.0,95360.0,0.8451497793220021,0.9437919463087248,south,0.0032142857142857147
56,84000.0,55000.0,FL,Tallahassee,Data Analyst (Onsite),4.5,The Greentree Group,8400.0,106490.0,95360.0,0.6526434406986571,0.7288171140939598,south,0.0032142857142857147
57,174000.0,98000.0,FL,Pensacola,Senior Data Scientist,4.1,Navy Federal Credit Union,8400.0,106490.0,95360.0,1.277115222086581,1.4261744966442953,south,0.0032142857142857147
58,200000.0,112000.0,FL,Pensacola,Principal Data Scientist - Time Series,4.1,Navy Federal Credit Union,8400.0,106490.0,95360.0,1.464926284158137,1.6359060402684564,south,0.0032142857142857147
59,148165.49199084667,104355.33180778033,FL,West Palm Beach,Data Analyst,3.8123006833712982,Cellcore Biosciences,8400.0,106490.0,95360.0,1.18565510282011,1.3240395543132708,south,0.0032142857142857147
60,155000.0,130000.0,FL,Tampa,"Data Governance, VP",3.5,"MUFG Bank, Ltd.",8400.0,106490.0,95360.0,1.3381538172598366,1.4943372483221478,south,0.0032142857142857147
61,122000.0,106000.0,FL,Tampa,"Data Platform Business Ownership, AVP",3.5,"MUFG Bank, Ltd.",8400.0,106490.0,95360.0,1.0705230538078694,1.195469798657718,south,0.0032142857142857147
62,117000.0,86000.0,FL,Juno Beach,Data Science Automation Engineer,3.8123006833712982,Realign LLC,8400.0,106490.0,95360.0,0.9531411400131468,1.0643875838926171,south,0.0032142857142857147
63,139000.0,77000.0,FL,Pensacola,Model Risk Governance Analyst,4.1,Navy Federal Credit Union,8400.0,106490.0,95360.0,1.0141797351864026,1.1325503355704698,south,0.0032142857142857147
67,72800.0,52000.0,FL,Boca Raton,"Junior Data Scientist, Center for Online & Continuing Education",3.9,Florida Atlantic University,8400.0,106490.0,95360.0,0.5859705136632548,0.6543624161073825,south,0.0032142857142857147
70,152000.0,83000.0,FL,Miami,"Data Scientist, United States - BCG X",4.2,Boston Consulting Group,8400.0,106490.0,95360.0,1.1033899896703916,1.2321728187919463,south,0.0032142857142857147
71,95000.0,75000.0,FL,Fort Lauderdale,Drone Services Manager,4.4,Advanced Roofing Inc,8400.0,106490.0,95360.0,0.798197013804113,0.8913590604026845,south,0.0032142857142857147
72,87360.0,64480.0,FL,Miami,Law Enforcement Data Analyst,3.8,Kforce,8400.0,106490.0,95360.0,0.7129307916236266,0.7961409395973155,south,0.0032142857142857147
73,135200.0,114400.0,FL,Fort Walton Beach,Data Scientist,3.8,TEKsystems,8400.0,106490.0,95360.0,1.1719410273265096,1.308724832214765,south,0.0032142857142857147
75,119000.0,94000.0,FL,Miramar,Senior Data Analyst,3.4,Fanatics Inc.,8400.0,106490.0,95360.0,1.0000939055310358,1.1168204697986577,south,0.0032142857142857147
76,78000.0,52000.0,FL,Miami Lakes,Financial Crimes Compliance Model Analyst - Remote,3.9,BankUnited,8400.0,106490.0,95360.0,0.610385951732557,0.6816275167785235,south,0.0032142857142857147
77,148165.49199084667,104355.33180778033,FL,Lake Mary,"Vice President, Metrics and Analytics",3.5,BNY Mellon,8400.0,106490.0,95360.0,1.18565510282011,1.3240395543132708,south,0.0032142857142857147
78,94000.0,67000.0,FL,Fort Lauderdale,Senior Data Analyst,3.7,Convey -- US,8400.0,106490.0,95360.0,0.755939524838013,0.8441694630872483,south,0.0032142857142857147
79,148165.49199084667,104355.33180778033,OH,Rocky River,Space Communications Analyst,3.8123006833712982,Comsat Architects,4660.0,97530.0,97070.0,1.2945802511977187,1.3007150705605597,midwest,0.0030042918454935624
80,148165.49199084667,104355.33180778033,OH,Independence,Business Process Project Manager,3.8123006833712982,All Erection & Crane Rental,4660.0,97530.0,97070.0,1.2945802511977187,1.3007150705605597,midwest,0.0030042918454935624
81,135000.0,95000.0,OH,West Chester,Data Scientist - Manufacturing Analytics,3.7,Pilot Chemical Co.,4660.0,97530.0,97070.0,1.1791243719881062,1.1847120634593593,midwest,0.0030042918454935624
82,148165.49199084667,104355.33180778033,OH,Dayton,Lead Sr. Data Engineer | Scientist,3.8123006833712982,Evrecruit.io,4660.0,97530.0,97070.0,1.2945802511977187,1.3007150705605597,midwest,0.0030042918454935624
83,148165.49199084667,104355.33180778033,OH,Columbus,District Manager,3.6,Inizio Engage,4660.0,97530.0,97070.0,1.2945802511977187,1.3007150705605597,midwest,0.0030042918454935624
85,81120.0,64480.0,OH,Cincinnati,"Experienced Registered Nurse, Acute, Hematology/Oncology",4.1,Cincinnati Children's Hospital Medical Center,4660.0,97530.0,97070.0,0.7464369937455142,0.7499742453899247,midwest,0.0030042918454935624
86,104000.0,49920.0,OH,Cincinnati,Quality Systems Data Science Co-Op- Fall 2024,4.2,Johnson & Johnson,4660.0,97530.0,97070.0,0.7890905362452578,0.7928299165550634,midwest,0.0030042918454935624
90,177000.0,149000.0,OH,Cincinnati,"Director, Platform Engineering",4.1,Procter & Gamble,4660.0,97530.0,97070.0,1.671280631600533,1.6792005769032656,midwest,0.0030042918454935624
91,76960.0,72800.0,OH,Columbus,Data Analyst,3.8,Kforce,4660.0,97530.0,97070.0,0.767763764995386,0.7714020809724941,midwest,0.0030042918454935624
92,145600.0,124800.0,OH,Cleveland,Senior Data Scientist,3.8,Brooksource,4660.0,97530.0,97070.0,1.3862401312416692,1.3928093128670032,midwest,0.0030042918454935624
93,170000.0,140000.0,CA,San Diego,Machine Learning Engineer,3.3,Digital Force Technologies,33220.0,140490.0,133690.0,1.1032813723396684,1.1593986087216694,west,0.0014750150511739916
94,175000.0,125000.0,CA,San Diego,Lead AI Developer,3.6,SeeScan Inc.,33220.0,140490.0,133690.0,1.067691650651292,1.1219986536016158,west,0.0014750150511739916
95,248000.0,165000.0,CA,Los Angeles,"Director - Systems and Technology - Data, Artificial Intelligence and Portfolio Delivery",4.4,SoCalGas,33220.0,140490.0,133690.0,1.4698555057299452,1.5446181464582245,west,0.0014750150511739916
96,75000.0,65000.0,CA,Anaheim,Digital Marketing Specialist (Paid Media Focus),2.9,Gentle Monster,33220.0,140490.0,133690.0,0.4982561036372696,0.523599371680754,west,0.0014750150511739916
97,200000.0,125000.0,CA,Emeryville,Machine Learning Engineer (Perception and Planning),3.8123006833712982,BlueSpace.ai,33220.0,140490.0,133690.0,1.156665954872233,1.2154985414017505,west,0.0014750150511739916
98,95000.0,75000.0,CA,Anaheim,Logistics Data Analyst,3.8123006833712982,Line Drive Trucking,33220.0,140490.0,133690.0,0.6050252687023987,0.6357992370409156,west,0.0014750150511739916
99,80000.0,65000.0,CA,Tustin,Analytical Flavor Chemist,4.2,"Abstrax Tech, Inc.",33220.0,140490.0,133690.0,0.5160509644814577,0.5422993492407809,west,0.0014750150511739916
107,148165.49199084667,104355.33180778033,CA,Palo Alto,Pharmaceutical Field Sales Representative,3.6,Inizio Engage,33220.0,140490.0,133690.0,0.898714583951267,0.9444267476947678,west,0.0014750150511739916
110,125000.0,93000.0,CA,Santa Monica,Data Analyst,3.8,Disney Direct to Consumer,33220.0,140490.0,133690.0,0.7758559328066055,0.8153190216171741,west,0.0014750150511739916
115,111000.0,59000.0,CA,Los Angeles,"Medical Science Liaison, Endocrinology/Rare Disease",3.6,Inizio Engage,33220.0,140490.0,133690.0,0.6050252687023987,0.6357992370409156,west,0.0014750150511739916
116,339000.0,180000.0,CA,Santa Clara,"Senior Performance Software Engineer, Deep Learning Libraries",4.6,NVIDIA,33220.0,140490.0,133690.0,1.847106555626735,1.9410576707307952,west,0.0014750150511739916
117,140000.0,90000.0,CA,Carlsbad,Data Scientist / Statistician,3.5,Active Motif Inc,33220.0,140490.0,133690.0,0.8185635988326572,0.8601989677612387,west,0.0014750150511739916
119,148165.49199084667,104355.33180778033,CA,Los Angeles,Territory Business Manager,3.6,Inizio Engage,33220.0,140490.0,133690.0,0.898714583951267,0.9444267476947678,west,0.0014750150511739916
122,234000.0,97000.0,CA,San Jose,Senior Technical Product Manager-AI,3.8,PayPal,33220.0,140490.0,133690.0,1.1780197878852587,1.237938514473783,west,0.0014750150511739916
124,241280.0,149760.0,CA,Sacramento,"Director, Data Science & Artificial Intelligence",3.9,Sutter Health,33220.0,140490.0,133690.0,1.3917004769022707,1.462487845014586,west,0.0014750150511739916
125,108000.0,69000.0,CA,Rancho Cucamonga,Solution Developer I - Automation & Innovation Management,3.7,Inland Empire Health Plan,33220.0,140490.0,133690.0,0.6299380738842623,0.6619792056249533,west,0.0014750150511739916
129,260000.0,194000.0,CA,San Diego,"Director, Business Data Science & Analytics",3.8,AppFolio,33220.0,140490.0,133690.0,1.6157733646522885,1.697957962450445,west,0.0014750150511739916
130,148165.49199084667,104355.33180778033,CA,San Ramon,Senior Data Scientist,3.8,Robert Half,33220.0,140490.0,133690.0,0.898714583951267,0.9444267476947678,west,0.0014750150511739916
131,176000.0,98000.0,CA,Los Angeles,"Data Scientist, United States - BCG X",4.2,Boston Consulting Group,33220.0,140490.0,133690.0,0.9751583742615132,1.0247587702894756,west,0.0014750150511739916
133,207000.0,145000.0,CA,Los Gatos,Data Engineer (L5)- Business Intelligence,4.1,Netflix,33220.0,140490.0,133690.0,1.252758203430849,1.3164784202258957,west,0.0014750150511739916
134,131000.0,78000.0,CA,Thousand Oaks,"Senior Manager, Decision Science",5.0,Penfield Search Partners,33220.0,140490.0,133690.0,0.7438251832870667,0.7816590620091256,west,0.0014750150511739916
135,357000.0,188000.0,CA,Santa Clara,"Reliability, Availability and Serviceability Expert, Datacenter AI Products Development",4.6,NVIDIA,33220.0,140490.0,133690.0,1.9396398320165136,2.038297554042935,west,0.0014750150511739916
136,339000.0,180000.0,CA,Santa Clara,Senior AI-HPC Storage Engineer,4.6,NVIDIA,33220.0,140490.0,133690.0,1.847106555626735,1.9410576707307952,west,0.0014750150511739916
137,149760.0,128960.0,CA,Fremont,Python - Big Data,3.8,Kforce,33220.0,140490.0,133690.0,0.991956722898427,1.042411549106141,west,0.0014750150511739916
138,124800.0,114400.0,CA,Campbell,Data Scientist & Engineer,4.0,Aquent,33220.0,140490.0,133690.0,0.8513061427859634,0.8946069264716883,west,0.0014750150511739916
139,130000.0,99000.0,CA,Irvine,"Data Engineer (On-Site, Irvine, CA)",3.9,Ctc Global Corporation,33220.0,140490.0,133690.0,0.8150046266638195,0.8564589722492333,west,0.0014750150511739916
140,230000.0,180000.0,CA,Glendale,Applied Scientist (Audio 3D Vision) - $180-$230k,4.0,CyberCoders,33220.0,140490.0,133690.0,1.4591785892234324,1.5333981599222082,west,0.0014750150511739916
141,190000.0,160000.0,CA,Pleasanton,"Engineer, Generative AI",3.5,Vagaro,33220.0,140490.0,133690.0,1.245640259093174,1.308998429201885,west,0.0014750150511739916
142,113000.0,90000.0,AZ,Phoenix,RN Clinical Educator,3.6,Inizio Engage,3800.0,112470.0,106400.0,0.9024628789899528,0.9539473684210528,south,0.0010526315789473684
143,47840.0,43680.0,AZ,Phoenix,Legal Assistant,1.0,Esquire Law,3800.0,112470.0,106400.0,0.4068640526362586,0.4300751879699248,south,0.0010526315789473684
144,35360.0,35360.0,AZ,Phoenix,Front Desk/Mail Clerk,1.0,Esquire Law,3800.0,112470.0,106400.0,0.3143949497643816,0.3323308270676692,south,0.0010526315789473684
145,204000.0,121000.0,AZ,Chandler,Data Science - Leadership,4.0,US DHS Headquarters,3800.0,112470.0,106400.0,1.4448297323730772,1.5272556390977443,south,0.0010526315789473684
146,90000.0,90000.0,TX,Dallas,Senior Predictive Modeler,3.8123006833712982,Sitewise Analytics,20560.0,109000.0,100100.0,0.8256880733944955,0.8991008991008991,south,0.0021400778210116734
147,110000.0,100000.0,TX,Austin,Data Manager (NetSuite ERP) & Website Content Manager,3.8123006833712982,"Capitol Scientific, Inc.",20560.0,109000.0,100100.0,0.963302752293578,1.048951048951049,south,0.0021400778210116734
148,166400.0,145600.0,TX,Austin,Azure Data Architect,3.8,GTS Technology Solutions,20560.0,109000.0,100100.0,1.4311926605504588,1.5584415584415583,south,0.0021400778210116734
149,82000.0,52000.0,TX,Fort Worth,Statistician,4.0,Gladney Center for Adoption,20560.0,109000.0,100100.0,0.6146788990825688,0.6693306693306693,south,0.0021400778210116734
150,145000.0,140000.0,TX,Austin,SAP Performance Engineer,3.6,Siri InfoSolutions Inc,20560.0,109000.0,100100.0,1.3073394495412844,1.4235764235764237,south,0.0021400778210116734
153,120000.0,120000.0,TX,Austin,Software Developer,3.8123006833712982,"RF Code, Inc.",20560.0,109000.0,100100.0,1.1009174311926606,1.1988011988011988,south,0.0021400778210116734
154,29120.0,29120.0,TX,Houston,Junior Data Science,3.5,Tennis Express,20560.0,109000.0,100100.0,0.2671559633027523,0.2909090909090909,south,0.0021400778210116734
155,102000.0,67000.0,TX,Houston,Senior Marketing Data & Automation Analyst,4.4,"Arrivia, Inc.",20560.0,109000.0,100100.0,0.7752293577981652,0.8441558441558441,south,0.0021400778210116734
156,124800.0,108160.0,TX,Irving,Sr Financial Data Analyst,3.8,Robert Half,20560.0,109000.0,100100.0,1.0686238532110093,1.1636363636363636,south,0.0021400778210116734
157,97000.0,63000.0,TX,Austin,Data Science Trainee,3.7,CINTRA US SERVICES LLC,20560.0,109000.0,100100.0,0.7339449541284404,0.7992007992007992,south,0.0021400778210116734
158,124800.0,114400.0,TX,Not Listed,Data Scientist,3.0,Technocore360,20560.0,109000.0,100100.0,1.0972477064220183,1.1948051948051948,south,0.0021400778210116734
159,191000.0,118000.0,TX,Austin,"Consultant, Data Science (I9)",4.0,Dell,20560.0,109000.0,100100.0,1.4174311926605505,1.5434565434565437,south,0.0021400778210116734
161,121000.0,88000.0,TX,Spring,Returnship - Big Data Insights Developer,4.1,Hewlett Packard,20560.0,109000.0,100100.0,0.9587155963302753,1.043956043956044,south,0.0021400778210116734
166,172000.0,103000.0,TX,Irving,Data Scientist,3.7,MCKESSON,20560.0,109000.0,100100.0,1.261467889908257,1.3736263736263736,south,0.0021400778210116734
168,172000.0,108000.0,TX,Irving,Data Scientist II,3.7,MCKESSON,20560.0,109000.0,100100.0,1.2844036697247707,1.3986013986013983,south,0.0021400778210116734
170,100000.0,74000.0,TX,San Antonio,Associate Product Review Engineer,3.8,BOEING,20560.0,109000.0,100100.0,0.7981651376146789,0.8691308691308691,south,0.0021400778210116734
174,146000.0,93000.0,TX,Houston,Senior Research Data Scientist - Center for Health Data Science & Analytics,4.3,Houston Methodist Academic Institute,20560.0,109000.0,100100.0,1.0963302752293578,1.193806193806194,south,0.0021400778210116734
176,148165.49199084667,104355.33180778033,TX,Dallas,"AI - Innovation, Delivery and Business Development Leader (Consumer & Retail Focus)",4.0,Deloitte,20560.0,109000.0,100100.0,1.1583524027459955,1.261342776216918,south,0.0021400778210116734
178,124000.0,88000.0,TX,Irving,Data Architect II,4.0,GM Financial,20560.0,109000.0,100100.0,0.9724770642201837,1.0589410589410588,south,0.0021400778210116734
179,148165.49199084667,104355.33180778033,TX,Plano,"Manager, Data Science - Financial Services",3.9,Capital One,20560.0,109000.0,100100.0,1.1583524027459955,1.261342776216918,south,0.0021400778210116734
180,135200.0,93600.0,TX,San Antonio,Python Data Scientist,3.8,Kforce,20560.0,109000.0,100100.0,1.0495412844036698,1.1428571428571428,south,0.0021400778210116734
183,95000.0,51000.0,TX,Dallas,"Medical Science Liaison, Endocrinology/Rare Disease",3.6,Inizio Engage,20560.0,109000.0,100100.0,0.6697247706422018,0.7292707292707292,south,0.0021400778210116734
184,150000.0,125000.0,TX,Plano,Reporting Data Engineer,3.4,Nuvem,20560.0,109000.0,100100.0,1.261467889908257,1.3736263736263736,south,0.0021400778210116734
185,182000.0,137000.0,TX,Austin,"Senior Product Manager, Generalist - Remote",4.4,Dropbox,20560.0,109000.0,100100.0,1.463302752293578,1.5934065934065933,south,0.0021400778210116734
186,93600.0,83200.0,TX,Dallas,Business Intelligence Engineer / Data Visualization Engineer,4.0,Aquent,20560.0,109000.0,100100.0,0.8110091743119267,0.8831168831168831,south,0.0021400778210116734
187,147000.0,107000.0,TX,Georgetown,Data Scientist,5.0,"Openwork, LLC",20560.0,109000.0,100100.0,1.165137614678899,1.2687312687312686,south,0.0021400778210116734
188,160000.0,110000.0,TX,Irving,Principal Data Analyst,3.6,Citizens,20560.0,109000.0,100100.0,1.238532110091743,1.3486513486513487,south,0.0021400778210116734
189,148165.49199084667,104355.33180778033,TX,Arlington,Cloud Administrator,4.0,GM Financial,20560.0,109000.0,100100.0,1.1583524027459955,1.261342776216918,south,0.0021400778210116734
190,150000.0,120000.0,MN,Minneapolis,Senior Software Engineer,3.8123006833712982,Science On Call,2240.0,118760.0,114630.0,1.1367463792522734,1.1777021722062286,midwest,0.0008928571428571428
191,127000.0,89000.0,MN,Minneapolis,Data Science,3.7,Wipro Limited,2240.0,118760.0,114630.0,0.9093971034018188,0.942161737764983,midwest,0.0008928571428571428
192,55000.0,37000.0,IL,Vernon Hills,Junior Game Mathematician,3.5,Incredible Technologies,6320.0,115840.0,108580.0,0.3970994475138121,0.4236507644133357,midwest,0.00680379746835443
193,153000.0,88000.0,IL,Bolingbrook,Senior Data Scientist (Remote Available),2.9,S&S Activewear LLC,6320.0,115840.0,108580.0,1.0402279005524862,1.1097808067784125,midwest,0.00680379746835443
194,95000.0,90000.0,IL,Scott Air Force Base,Senior Statistician,3.8123006833712982,NextGen Federal Systems,6320.0,115840.0,108580.0,0.7985151933701657,0.85190642843986,midwest,0.00680379746835443
196,70000.0,60000.0,IL,Chicago,Marketing Campaign Analyst,3.8123006833712982,Gohagan & Company,6320.0,115840.0,108580.0,0.5611187845303868,0.5986369497144962,midwest,0.00680379746835443
202,148165.49199084667,104355.33180778033,IL,Chicago,Immunology Key Account Manager,3.6,Inizio Engage,6320.0,115840.0,108580.0,1.0899552132192118,1.1628330438323218,midwest,0.00680379746835443
203,80000.0,51000.0,IL,Chicago,Rapid Deployment Representative,3.6,Inizio Engage,6320.0,115840.0,108580.0,0.5654350828729282,0.6032418493276847,midwest,0.00680379746835443
208,110000.0,80000.0,IL,Chicago,Sr. Healthcare Data Analyst,4.0,Medical Home Network,6320.0,115840.0,108580.0,0.8200966850828729,0.8749309265058022,midwest,0.00680379746835443
209,143000.0,103000.0,IL,Riverwoods,Lead Data Science Analyst,3.9,Discover Financial Services,6320.0,115840.0,108580.0,1.0618093922651934,1.1328053048443545,midwest,0.00680379746835443
218,100000.0,85000.0,IL,Chicago,"Sr. Data Analyst, Finance",3.3,Home Chef,6320.0,115840.0,108580.0,0.7985151933701657,0.85190642843986,midwest,0.00680379746835443
220,125000.0,89000.0,IL,Riverwoods,Modeler,3.9,Discover Financial Services,6320.0,115840.0,108580.0,0.9236878453038674,0.9854485172223244,midwest,0.00680379746835443
221,143000.0,103000.0,IL,Riverwoods,Lead Data Science Analyst (multiple openings) - IHM,3.9,Discover Financial Services,6320.0,115840.0,108580.0,1.0618093922651934,1.1328053048443545,midwest,0.00680379746835443
226,108000.0,74000.0,IL,Chicago,Data Engineers,3.7,CCC Information Services Inc.,6320.0,115840.0,108580.0,0.7855662983425414,0.8380917296002948,midwest,0.00680379746835443
228,132000.0,72000.0,IL,Deerfield,"Manager, Data Science (Remote)",3.1,WALGREENS,6320.0,115840.0,108580.0,0.880524861878453,0.9393995210904402,midwest,0.00680379746835443
230,177000.0,127000.0,IL,Riverwoods,Principal Data Science,3.9,Discover Financial Services,6320.0,115840.0,108580.0,1.3121546961325967,1.3998894824092836,midwest,0.00680379746835443
231,177000.0,127000.0,IL,Riverwoods,Manager Data Science,3.9,Discover Financial Services,6320.0,115840.0,108580.0,1.3121546961325967,1.3998894824092836,midwest,0.00680379746835443
233,120000.0,86000.0,IL,Riverwoods,Senior Data Science Analyst,3.9,Discover Financial Services,6320.0,115840.0,108580.0,0.8891574585635359,0.9486093203168172,midwest,0.00680379746835443
234,210000.0,150000.0,IL,Riverwoods,Senior Manager Data Science,3.9,Discover Financial Services,6320.0,115840.0,108580.0,1.5538674033149171,1.6577638607478358,midwest,0.00680379746835443
235,166000.0,111000.0,NJ,Mount Laurel,Senior Manager Advanced Analytics (US),3.9,TD Bank,4340.0,134140.0,130570.0,1.0325033547040403,1.060733706058053,east,0.005299539170506913
236,190000.0,132000.0,NJ,Basking Ridge,"Director, Statistical Programming",3.9,"Daiichi Sankyo, Inc.",4340.0,134140.0,130570.0,1.2002385567317728,1.2330550662479896,east,0.005299539170506913
237,131000.0,98000.0,NJ,Woodcliff Lake,"Sr. Analyst, Data Science & Reporting",3.3,Party City,4340.0,134140.0,130570.0,0.8535858058744595,0.8769242551887876,east,0.005299539170506913
239,89000.0,63000.0,NJ,Trenton,OAG #24-259: Data Miner - Research Data Analyst 1,3.7,New Jersey Office of the Attorney General,4340.0,134140.0,130570.0,0.56657223796034,0.5820632610860075,east,0.005299539170506913
240,148165.49199084667,104355.33180778033,NJ,Paramus,Senior Data Analyst,2.7,"Care Plus NJ, Inc.",4340.0,134140.0,130570.0,0.9412584754682682,0.9669940407391706,east,0.005299539170506913
241,107000.0,75000.0,NJ,Trenton,OAG #24-196: Data Miner (Research Data Analyst 2),3.7,New Jersey Office of the Attorney General,4340.0,134140.0,130570.0,0.6783957059788281,0.6969441678792985,east,0.005299539170506913
242,60000.0,55000.0,NJ,Jersey City,Data Analyst,4.0,TRESUME,4340.0,134140.0,130570.0,0.4286566274042045,0.440376809374282,east,0.005299539170506913
243,191000.0,116000.0,NJ,Princeton,"Senior Director, Data Science & AI - Enabling Functions",4.3,Genmab,4340.0,134140.0,130570.0,1.1443268227225287,1.175614612851344,east,0.005299539170506913
244,148165.49199084667,104355.33180778033,NJ,Not Listed,Data Science - Optimization,3.9,Tiger Analytics,4340.0,134140.0,130570.0,0.9412584754682682,0.9669940407391706,east,0.005299539170506913
245,175000.0,175000.0,NJ,Princeton,Data Science Consultant,3.7,ZS Associates,4340.0,134140.0,130570.0,1.3046071268823618,1.3402772459217278,east,0.005299539170506913
247,186000.0,126000.0,NJ,Bridgewater,Head of R and D Data Engineering,4.0,Sanofi EU,4340.0,134140.0,130570.0,1.1629640673922768,1.194761430650226,east,0.005299539170506913
249,151000.0,106000.0,NJ,Plainsboro,Fellowship - Real World Evidence / Clinical Data Science & Evidence,4.3,Novo Nordisk,4340.0,134140.0,130570.0,0.9579543760250484,0.9841464348625258,east,0.005299539170506913
250,132000.0,91000.0,NJ,Bridgewater,Digital Risk and Compliance Lead,4.0,Sanofi EU,4340.0,134140.0,130570.0,0.8312211122707619,0.8539480738301294,east,0.005299539170506913
252,107000.0,62000.0,NJ,Newark,Tchr of Engineering Technology - Newark School of Data Science and IT 24-25 (NBOE),3.3,Newark Board of Education,4340.0,134140.0,130570.0,0.6299388698374833,0.6471624416022057,east,0.005299539170506913
253,107000.0,107000.0,NJ,Newark,Tchr of Mathematics - Newark School of Data Science and Information Technology 24-25 (NBOE),3.3,Newark Board of Education,4340.0,134140.0,130570.0,0.7976740718652154,0.8194838017921422,east,0.005299539170506913
254,107000.0,62000.0,NJ,Newark,Tchr of Science - Newark School of Data Science and IT 24-25 (NBOE),3.3,Newark Board of Education,4340.0,134140.0,130570.0,0.6299388698374833,0.6471624416022057,east,0.005299539170506913
255,107000.0,62000.0,NJ,Newark,Tchr of Computer Science- Newark School of Data Science and Information Technology 24-25 (NBOE),3.3,Newark Board of Education,4340.0,134140.0,130570.0,0.6299388698374833,0.6471624416022057,east,0.005299539170506913
256,199000.0,115000.0,NJ,Princeton,"Director, Program Management, Translational & Quantitative Sciences",4.3,Genmab,4340.0,134140.0,130570.0,1.170418965260176,1.2024201577697786,east,0.005299539170506913
257,107000.0,62000.0,NJ,Newark,Tchr of English- Newark School of Data Science and Information Technology 24-25 (NBOE),3.3,Newark Board of Education,4340.0,134140.0,130570.0,0.6299388698374833,0.6471624416022057,east,0.005299539170506913
258,175000.0,165000.0,VA,Springfield,AI/ML Subject Matter Expert,2.4,Thomas & Herbert Consulting LLC,4810.0,139080.0,136490.0,1.2223180903077366,1.245512491757638,south,0.007068607068607069
259,125000.0,75000.0,VA,Reston,Data Scientist TS/SCI On-site,3.8123006833712982,Data Machines,4810.0,139080.0,136490.0,0.719010641357492,0.7326544069162576,south,0.007068607068607069
260,95000.0,57000.0,VA,Chantilly,Space Predictive Modeling and Sim Analyst Mid Level,4.3,"Systems Planning and Analysis, Inc.",4810.0,139080.0,136490.0,0.546448087431694,0.5568173492563557,south,0.007068607068607069
261,178000.0,118000.0,VA,McLean,Quantitative Analytics Senior (Hybrid- 3 Days in Office),3.6,Freddie Mac,4810.0,139080.0,136490.0,1.0641357492090884,1.0843285222360612,south,0.007068607068607069
262,130000.0,92000.0,VA,Arlington,Data Science Consultant,4.8,cBEYONData,4810.0,139080.0,136490.0,0.7981018119068162,0.8132463916770459,south,0.007068607068607069
263,145000.0,97000.0,VA,McLean,Quantitative Analytics Professional (Hybrid- 3 Days in Office),3.6,Freddie Mac,4810.0,139080.0,136490.0,0.8700028760425654,0.8865118323686717,south,0.007068607068607069
264,178000.0,118000.0,VA,McLean,Quantitative Analytics Senior (Hybrid - 3 Days in Office),3.6,Freddie Mac,4810.0,139080.0,136490.0,1.0641357492090884,1.0843285222360612,south,0.007068607068607069
265,125000.0,69000.0,VA,Charlottesville,Chinese OSINT Collector,3.9,Leidos,4810.0,139080.0,136490.0,0.6974403221167673,0.7106747747087698,south,0.007068607068607069
267,157000.0,87000.0,VA,Reston,Chinese OSINT Collector,3.9,Leidos,4810.0,139080.0,136490.0,0.8771929824561403,0.8938383764378343,south,0.007068607068607069
269,178000.0,118000.0,VA,McLean,Quantitative Analytics Senior - Climate Risk (Hybrid - 3 Days in Office),3.6,Freddie Mac,4810.0,139080.0,136490.0,1.0641357492090884,1.0843285222360612,south,0.007068607068607069
270,191000.0,143000.0,VA,McLean,Quantitative Analytics Senior Manager (Hybrid- 3 Days in Office),3.6,Freddie Mac,4810.0,139080.0,136490.0,1.2007477710670118,1.2235328595501502,south,0.007068607068607069
271,178000.0,118000.0,VA,McLean,Quantitative Analytics Senior - Internal Audit (Hybrid - 3 Days in Office),3.6,Freddie Mac,4810.0,139080.0,136490.0,1.0641357492090884,1.0843285222360612,south,0.007068607068607069
272,150000.0,86000.0,VA,Chantilly,Cleared Scrum Master,4.6,Noblis,4810.0,139080.0,136490.0,0.8484325568018407,0.8645322001611839,south,0.007068607068607069
275,119000.0,70000.0,VA,Reston,Junior Full Stack Developer (Data Science & AI) - Remote / Hybrid,3.6,ICF,4810.0,139080.0,136490.0,0.67946505608283,0.6923584145358634,south,0.007068607068607069
278,139000.0,100000.0,VA,Manassas,Data Science Engineer,3.7,Micron,4810.0,139080.0,136490.0,0.859217716422203,0.8755220162649279,south,0.007068607068607069
279,203000.0,164000.0,VA,Springfield,Supervisory Data Scientist,3.3,TSA (Transportation Security Administration),4810.0,139080.0,136490.0,1.319384526890998,1.3444208366913326,south,0.007068607068607069
280,148165.49199084667,104355.33180778033,VA,Richmond,"Senior Associate, Data Science - Retail Bank",3.9,Capital One,4810.0,139080.0,136490.0,0.9078257973778652,0.9250524719709392,south,0.007068607068607069
282,215000.0,110000.0,VA,Tysons Corner,Data Scientist,3.8,Job Impulse Inc,4810.0,139080.0,136490.0,1.1683922922059249,1.1905634112389183,south,0.007068607068607069
283,60000.0,55000.0,VA,Ashburn,Data science manager,4.0,TRESUME,4810.0,139080.0,136490.0,0.4134311187805579,0.4212762839768481,south,0.007068607068607069
285,191000.0,113000.0,VA,Reston,Data Scientist,3.6,ICF,4810.0,139080.0,136490.0,1.092896174863388,1.1136346985127117,south,0.007068607068607069
286,209000.0,109000.0,VA,Fairfax,Data Scientist (Sr.) - U.S. Citizenship Required,3.8,"CGI Group, Inc.",4810.0,139080.0,136490.0,1.1432269197584124,1.1649205069968496,south,0.007068607068607069
287,113000.0,70000.0,VA,Springfield,Data Modeler - Remote - Multiple Open Positions,3.1,Galorath Inc.,4810.0,139080.0,136490.0,0.6578947368421053,0.6703787823283757,south,0.007068607068607069
288,148165.49199084667,104355.33180778033,VA,McLean,"Senior Associate, Data Science - Retail Bank",3.9,Capital One,4810.0,139080.0,136490.0,0.9078257973778652,0.9250524719709392,south,0.007068607068607069
289,85000.0,75000.0,VA,McLean,Intelligence Analyst - Junior,4.6,Streamline Defense,4810.0,139080.0,136490.0,0.5752085130859936,0.5861235255330061,south,0.007068607068607069
290,318000.0,212000.0,VA,McLean,Climate Risk Quantitative Analytics Director (Hybrid - 3 Days in Office),3.6,Freddie Mac,4810.0,139080.0,136490.0,1.905378199597354,1.9415341783280824,south,0.007068607068607069
291,210000.0,140000.0,VA,McLean,Quantitative Analytics Manager - Data Modeling (Hybrid - 3 Days in Office - VA),3.6,Freddie Mac,4810.0,139080.0,136490.0,1.2582686223756112,1.282145212103451,south,0.007068607068607069
292,148165.49199084667,104355.33180778033,NC,Durham,Machine Learning Engineer,3.8123006833712982,CoVar,6640.0,125950.0,126940.0,1.0024645645042756,0.9946463833252994,south,0.002108433734939759
293,148165.49199084667,104355.33180778033,NC,Charlotte,Senior Data Scientist,4.0,Deloitte,6640.0,125950.0,126940.0,1.0024645645042756,0.9946463833252994,south,0.002108433734939759
294,158080.0,126880.0,NC,Durham,Sr. Data Scientist,3.8123006833712982,CTG,6640.0,125950.0,126940.0,1.1312425565700674,1.122420040964235,south,0.002108433734939759
295,102000.0,66000.0,NC,Charlotte,Basketball Data Scientist,3.5,"Hornets Basketball, LLC",6640.0,125950.0,126940.0,0.666931321953156,0.6617299511580275,south,0.002108433734939759
299,140000.0,102000.0,NC,Charlotte,Data Analyst - CXD (Advanced Analytics),3.7,Vanguard,6640.0,125950.0,126940.0,0.960698689956332,0.9532062391681108,south,0.002108433734939759
301,134000.0,98000.0,NC,Charlotte,"Manager, Card Analytics",3.3,OneMain Financial,6640.0,125950.0,126940.0,0.9210003969829296,0.9138175515991808,south,0.002108433734939759
302,148165.49199084667,104355.33180778033,NC,Not Listed,"Associate Manager, Data Science",3.6,Thermo Fisher Scientific,6640.0,125950.0,126940.0,1.0024645645042756,0.9946463833252994,south,0.002108433734939759
303,173000.0,115000.0,NC,Greenville,Lead Data Scientist,3.7,ECU Health,6640.0,125950.0,126940.0,1.1433108376339818,1.1343942019851898,south,0.002108433734939759
304,129000.0,78000.0,NC,Charlotte,"Associate Director, Analytics-Credit Cards",3.3,OneMain Financial,6640.0,125950.0,126940.0,0.8217546645494244,0.8153458326768552,south,0.002108433734939759
305,81120.0,68640.0,NC,Research Triangle Park,Statistician,3.8123006833712982,Sciome LLC,6640.0,125950.0,126940.0,0.5945216355696705,0.5898849850322987,south,0.002108433734939759
306,148165.49199084667,104355.33180778033,GA,Atlanta,Commercial Intelligence Developer,4.0,Waystar,6510.0,108010.0,100950.0,1.1689696500260485,1.2507222575464438,south,0.0026113671274961598
307,154000.0,102000.0,GA,Atlanta,Director of Asset Management,3.2,"Tosca Services, LLC",6510.0,108010.0,100950.0,1.1850754559762986,1.267954432887568,south,0.0026113671274961598
308,196000.0,153000.0,GA,Alpharetta,Chief Enterprise Integration Architect,3.9,ADP,6510.0,108010.0,100950.0,1.6155911489676882,1.728578504210005,south,0.0026113671274961598
310,209000.0,164000.0,GA,Alpharetta,Chief Enterprise Data Architect,3.9,ADP,6510.0,108010.0,100950.0,1.7266919729654662,1.8474492322932143,south,0.0026113671274961598
311,148165.49199084667,104355.33180778033,GA,Atlanta,SC&O Data Science,3.9,Accenture,6510.0,108010.0,100950.0,1.1689696500260485,1.2507222575464438,south,0.0026113671274961598
315,41600.0,41600.0,GA,Albany,Field Data Collector (PPC),3.9,Mathematica Policy Research,6510.0,108010.0,100950.0,0.385149523192297,0.4120851906884596,south,0.0026113671274961598
317,98000.0,57000.0,GA,Alpharetta,Technical Consultant (Advanced Visualization and Artificial Intelligence ),3.9,Philips,6510.0,108010.0,100950.0,0.7175261549856494,0.7677067855373948,south,0.0026113671274961598
320,81000.0,63000.0,GA,Atlanta,Financial Planning and Analytics Analyst,3.5,Zaxby's,6510.0,108010.0,100950.0,0.6666049439866679,0.7132243684992571,south,0.0026113671274961598
321,162000.0,97000.0,GA,Atlanta,Senior Data Scientist,3.9,Cox Communications,6510.0,108010.0,100950.0,1.1989630589760207,1.2828132738979694,south,0.0026113671274961598
322,149000.0,88000.0,GA,Atlanta,"Data Scientist - Secureworks - Atlanta, GA or Remote, US",4.0,Dell,6510.0,108010.0,100950.0,1.0971206369780575,1.173848439821694,south,0.0026113671274961598
323,130000.0,105000.0,DC,Washington,Data Scientist - I,3.8123006833712982,OrusGroup,3100.0,128810.0,122010.0,0.9121962580544988,0.9630358167363332,south,0.0038709677419354843
324,148165.49199084667,104355.33180778033,DC,Washington,DATA SCIENTIST / DATA ANALYST,3.8123006833712982,"Data and Analytic Solutions, Inc.",3100.0,128810.0,122010.0,0.9802065980848808,1.034836586339755,south,0.0038709677419354843
325,250000.0,250000.0,DC,Washington,Patent Agent (Machine Learning AI/Computer Science) - ELITE AMLAW FIRM,3.6,Bridgeline Solutions,3100.0,128810.0,122010.0,1.9408431022436143,2.049012376034751,south,0.0038709677419354843
326,144000.0,90000.0,DC,Washington,Machine Learning Engineer,3.7,"Premier Solutions Hi, LLC",3100.0,128810.0,122010.0,0.9083145718500116,0.9589377919842637,south,0.0038709677419354843
327,234000.0,146000.0,DC,Washington,Data Science,3.6,Peraton,3100.0,128810.0,122010.0,1.4750407577051472,1.557249405786411,south,0.0038709677419354843
330,137000.0,60000.0,DC,Washington,"Cost Analyst, Mid",4.2,Booz Allen,3100.0,128810.0,122010.0,0.7646921822839842,0.807310876157692,south,0.0038709677419354843
331,137000.0,60000.0,DC,Washington,"Data Visualization Specialist, Mid",4.2,Booz Allen,3100.0,128810.0,122010.0,0.7646921822839842,0.807310876157692,south,0.0038709677419354843
334,190000.0,150000.0,DC,Washington,Data Engineer (PO),3.6,DCI Solutions,3100.0,128810.0,122010.0,1.319773309525658,1.3933284157036308,south,0.0038709677419354843
335,156000.0,145600.0,CO,Denver,"Data Scientist - AI, NLP, Python, PyTorch, Tensorflow (W2 Candidates Only - Denver CO)",3.8123006833712982,Galen Technology Solutions,5910.0,120320.0,111970.0,1.2533244680851063,1.3467893185674735,west,0.0005076142131979696
336,91000.0,91000.0,CO,Denver,Sr. Data Analyst,3.8123006833712982,Elevated Industrial Solutions,5910.0,120320.0,111970.0,0.7563164893617021,0.8127176922389926,west,0.0005076142131979696
337,147680.0,108160.0,CO,Centennial,Data Scientist,3.8,Kforce,5910.0,120320.0,111970.0,1.0631648936170213,1.1424488702330982,west,0.0005076142131979696
338,108000.0,75000.0,MD,Patuxent River,Project Manager/ Senior Data Analyst,3.4,HumanTouch LLC,2170.0,126020.0,125460.0,0.7260752261545786,0.7293161166905787,south,0.005069124423963133
339,234000.0,146000.0,MD,Linthicum,Senior Cyber Intelligence Analyst,3.6,Peraton,2170.0,126020.0,125460.0,1.5076971909220758,1.514426908974972,south,0.005069124423963133
344,184000.0,136000.0,MD,Rockville,Senior HPC Architect,4.0,General Dynamics Information Technology,2170.0,126020.0,125460.0,1.2696397397238537,1.275306870715766,south,0.005069124423963133
346,172000.0,76000.0,MD,Columbia,Data Scientist,4.2,Booz Allen,2170.0,126020.0,125460.0,0.9839707982859864,0.9883628248047186,south,0.005069124423963133
347,125000.0,61000.0,MD,Bethesda,Data Visualization Analyst,3.8123006833712982,EMI Advisors LLC,2170.0,126020.0,125460.0,0.7379780987144897,0.741272118603539,south,0.005069124423963133
348,122000.0,76000.0,MD,Bethesda,Senior Advisor for Data Science,4.3,National Institutes of Health,2170.0,126020.0,125460.0,0.7855895889541342,0.7890961262553802,south,0.005069124423963133
349,310000.0,214000.0,Remote,Remote,Data Science Technical Fellow,4.1,Indeed,3919.677047289504,110043.33333333331,104915.88235294116,2.380880259291794,2.497238684212002,remote,0.010460045433679774
350,200000.0,175000.0,Remote,Remote,First ML Hire - Senior ML/NLP Data Scientist and SDE,3.8123006833712982,EJJ HealthTech,3919.677047289504,110043.33333333331,104915.88235294116,1.7038742313634023,1.7871460049227113,remote,0.010460045433679774
351,148165.49199084667,104355.33180778033,Remote,Remote,Statistical Programmer,4.6,Talentech Consulting LLC,3919.677047289504,110043.33333333331,104915.88235294116,1.1473699321417037,1.2034442170973552,remote,0.010460045433679774
352,200000.0,125000.0,Remote,Remote,Head of Retention Marketing,3.8123006833712982,12100 Collective,3919.677047289504,110043.33333333331,104915.88235294116,1.4766910005149487,1.5488598709330164,remote,0.010460045433679774
353,150000.0,120000.0,Remote,Remote,Sr. Data Architect - Healthcare,3.8123006833712982,The American Association for Thoracic Surgery,3919.677047289504,110043.33333333331,104915.88235294116,1.2267894465816498,1.286745123544352,remote,0.010460045433679774
354,104000.0,45760.0,Remote,Remote,Software Engineer for AI Training Data (Python),3.8123006833712982,G2i Inc,3919.677047289504,110043.33333333331,104915.88235294116,0.6804592130372884,0.7137146285259339,remote,0.010460045433679774
355,250000.0,150000.0,Remote,Remote,Bilingual (English/Spanish) AI Engineer,3.8123006833712982,Confidential,3919.677047289504,110043.33333333331,104915.88235294116,1.8174658467876292,1.9062890719175587,remote,0.010460045433679774
356,94000.0,94000.0,Remote,Remote,Research Scientist,3.7,Insurity,3919.677047289504,110043.33333333331,104915.88235294116,0.8542089479901858,0.8959558638012526,remote,0.010460045433679774
357,175000.0,130000.0,Remote,Remote,Principal Statistical Programmer,3.8123006833712982,Clinvia LLC,3919.677047289504,110043.33333333331,104915.88235294116,1.3858177081755672,1.4535454173371385,remote,0.010460045433679774
358,104000.0,45760.0,Remote,Remote,Software Engineer for AI Training Data (JavaScript),3.8123006833712982,G2i Inc,3919.677047289504,110043.33333333331,104915.88235294116,0.6804592130372884,0.7137146285259339,remote,0.010460045433679774
359,155000.0,95000.0,Remote,Remote,"Senior Data Pipeline Engineer, AgTech",3.1,Sensei AG,3919.677047289504,110043.33333333331,104915.88235294116,1.1359161542422682,1.1914306699484742,remote,0.010460045433679774
360,219000.0,129000.0,Remote,Remote,Data Science Manager,3.3,Premera Blue Cross,3919.677047289504,110043.33333333331,104915.88235294116,1.5811952867052377,1.658471492568276,remote,0.010460045433679774
361,283000.0,220000.0,Remote,Remote,"Vice President, Data Science",3.7,Insurity,3919.677047289504,110043.33333333331,104915.88235294116,2.285463302335444,2.39715850793633,remote,0.010460045433679774
362,130000.0,120000.0,Remote,Remote,Back End Developer,5.0,Vital Edge Solutions,3919.677047289504,110043.33333333331,104915.88235294116,1.1359161542422682,1.1914306699484742,remote,0.010460045433679774
363,100000.0,60000.0,Remote,Remote,Patent Engineer / Scientist -Seismic/Physics/Applied Math,3.4,Osha Bergman Watanabe & Burton LLP,3919.677047289504,110043.33333333331,104915.88235294116,0.7269863387150517,0.7625156287670235,remote,0.010460045433679774
364,148165.49199084667,104355.33180778033,Remote,Remote,Data Scientist,4.4,Dropbox,3919.677047289504,110043.33333333331,104915.88235294116,1.1473699321417037,1.2034442170973552,remote,0.010460045433679774
366,65000.0,65000.0,Remote,Remote,Data Analyst,3.8123006833712982,"Baselice & Associates, Inc.",3919.677047289504,110043.33333333331,104915.88235294116,0.5906764002059794,0.6195439483732066,remote,0.010460045433679774
367,70000.0,65000.0,Remote,Remote,Clinical Data Analyst,4.2,Luna Physical Therapy,3919.677047289504,110043.33333333331,104915.88235294116,0.6133947232908249,0.643372561772176,remote,0.010460045433679774
368,60000.0,39000.0,Remote,Remote,Customer Success Manager,3.8123006833712982,"Tax Reduction Company Inc,",3919.677047289504,110043.33333333331,104915.88235294116,0.4498227970799382,0.4718065452995957,remote,0.010460045433679774
369,60000.0,50000.0,Remote,Remote,Business Intelligence Analyst,4.8,Emergent Software,3919.677047289504,110043.33333333331,104915.88235294116,0.499803107866598,0.5242294947773286,remote,0.010460045433679774
372,159000.0,122000.0,Remote,Remote,Health Scientist (Data Scientist),4.0,Centers for Disease Control and Prevention,3919.677047289504,110043.33333333331,104915.88235294116,1.2767697573683094,1.339168073022085,remote,0.010460045433679774
374,260000.0,200000.0,Remote,Remote,"Vice President, Analytics Products",3.7,Insurity,3919.677047289504,110043.33333333331,104915.88235294116,2.0900857238057737,2.1922324327051923,remote,0.010460045433679774
375,148165.49199084667,104355.33180778033,Remote,Remote,"Senior Scientist, Data Science, QDI",3.6,Qiagen,3919.677047289504,110043.33333333331,104915.88235294116,1.1473699321417037,1.2034442170973552,remote,0.010460045433679774
376,297000.0,162000.0,Remote,Remote,Head of Data,3.5,Lime,3919.677047289504,110043.33333333331,104915.88235294116,2.0855420591888043,2.1874667100253986,remote,0.010460045433679774
377,99000.0,74000.0,Remote,Remote,Researcher (Data Science/Engineer),4.1,Chapin Hall at the University of Chicago,3919.677047289504,110043.33333333331,104915.88235294116,0.7860539787356496,0.8244700236043441,remote,0.010460045433679774
378,148165.49199084667,104355.33180778033,Remote,Remote,Senior Data Engineer (Machine Learning),4.8,Precision Systems,3919.677047289504,110043.33333333331,104915.88235294116,1.1473699321417037,1.2034442170973552,remote,0.010460045433679774
379,148165.49199084667,104355.33180778033,Remote,Remote,Treatment Navigator,3.6,Inizio Engage,3919.677047289504,110043.33333333331,104915.88235294116,1.1473699321417037,1.2034442170973552,remote,0.010460045433679774
380,110000.0,90000.0,Remote,Remote,Data Scientist,3.6,SupplyHouse,3919.677047289504,110043.33333333331,104915.88235294116,0.9087329233938146,0.9531445359587792,remote,0.010460045433679774
382,148165.49199084667,104355.33180778033,Remote,Remote,Business Analyst/Agilist,3.6,Illumination Works,3919.677047289504,110043.33333333331,104915.88235294116,1.1473699321417037,1.2034442170973552,remote,0.010460045433679774
383,93600.0,93600.0,Remote,Remote,"Data Scientist (Javascript, .Net Framework, SQL)-Remote",3.2,"University Instructors, LLC",3919.677047289504,110043.33333333331,104915.88235294116,0.8505740162966104,0.8921432856574174,remote,0.010460045433679774
384,148165.49199084667,104355.33180778033,Remote,Remote,Medical Information Specialist III,3.6,Inizio Engage,3919.677047289504,110043.33333333331,104915.88235294116,1.1473699321417037,1.2034442170973552,remote,0.010460045433679774
385,200000.0,150000.0,Remote,Remote,Senior Data Scientist,4.1,Rise Technical Recruitment Limited,3919.677047289504,110043.33333333331,104915.88235294116,1.5902826159391756,1.6680029379278638,remote,0.010460045433679774
386,148165.49199084667,104355.33180778033,Remote,Remote,Senior Financial Data Analyst - Work Comp Claims,2.9,The PEOPLEASE Group,3919.677047289504,110043.33333333331,104915.88235294116,1.1473699321417037,1.2034442170973552,remote,0.010460045433679774
387,271000.0,169000.0,Remote,Remote,"Manager, Data Science Platform Engineering",4.0,Dave Inc.,3919.677047289504,110043.33333333331,104915.88235294116,1.999212431466392,2.0969179791093144,remote,0.010460045433679774
388,150000.0,135000.0,Remote,Remote,Director of Data Science,3.8123006833712982,"ITS Solutions USA, LLC",3919.677047289504,110043.33333333331,104915.88235294116,1.2949444158361858,1.3582309637412606,remote,0.010460045433679774
389,125000.0,75000.0,Remote,Remote,Analytics Solution Owner,4.4,Network Coverage,3919.677047289504,110043.33333333331,104915.88235294116,0.9087329233938146,0.9531445359587792,remote,0.010460045433679774
390,93600.0,93600.0,United States,United States,$45/hr - AI Trainer - Computer Science Focused - Educational Content Developer (Bachelor's Degree Required),3.8123006833712982,"Ami Arroyo, Inc.",3922.57728927788,109743.59477124184,104416.7820069204,0.8528971571881456,0.8964076291280122,remote,0.005098688572604739
391,120000.0,90000.0,United States,United States,Data Scientist â€“ NLP,4.0,Solytics Partners LLC,3922.57728927788,109743.59477124184,104416.7820069204,0.9567756571020865,1.0055854813936034,remote,0.005098688572604739
392,130000.0,120000.0,United States,United States,Full Stack Data Engineer,3.7,V Shred,3922.57728927788,109743.59477124184,104416.7820069204,1.139018639407246,1.1971255730876231,remote,0.005098688572604739
393,148165.49199084667,104355.33180778033,United States,United States,"Data Science Associate, Offers, YouTube Connected TV",4.4,YouTube,3922.57728927788,109743.59477124184,104416.7820069204,1.150503700580436,1.2091965436259602,remote,0.005098688572604739
395,148165.49199084667,104355.33180778033,United States,United States,Machine Learning Sales Engineer,3.8123006833712982,Confidential,3922.57728927788,109743.59477124184,104416.7820069204,1.150503700580436,1.2091965436259602,remote,0.005098688572604739
396,125000.0,113000.0,United States,United States,"Senior Specialist, Cloud Data Engineer",4.2,Association of Public Health Laboratories,3922.57728927788,109743.59477124184,104416.7820069204,1.084345744715698,1.1396635455794173,remote,0.005098688572604739
398,104000.0,83200.0,United States,United States,$40/hr - $50/hr - AI Trainer - Legal Specialist - Educational Content Developer (JD or LLM Required),3.8123006833712982,"Ami Arroyo, Inc.",3922.57728927788,109743.59477124184,104416.7820069204,0.8528971571881456,0.8964076291280122,remote,0.005098688572604739
400,270000.0,147000.0,United States,United States,Data Science Lead - Global Marketing,3.3,TikTok,3922.57728927788,109743.59477124184,104416.7820069204,1.899883090531286,1.9968054559101551,remote,0.005098688572604739
402,135000.0,98000.0,United States,United States,Data Science Lead,5.0,"Allstar Gaming, Inc.",3922.57728927788,109743.59477124184,104416.7820069204,1.061565371927553,1.1157210341176649,remote,0.005098688572604739
405,180000.0,160000.0,United States,United States,AI/ML Senior System Engineer,3.8123006833712982,NextGen Federal Systems,3922.57728927788,109743.59477124184,104416.7820069204,1.5490653495938542,1.6280907793991677,remote,0.005098688572604739
406,180000.0,86000.0,United States,United States,Data Scientist - Mid-level - TS/SCI REQUIRED,4.1,CACI,3922.57728927788,109743.59477124184,104416.7820069204,1.2119158323293096,1.273741609765231,remote,0.005098688572604739
407,148165.49199084667,104355.33180778033,United States,United States,Senior Data Scientist,4.5,CarShield,3922.57728927788,109743.59477124184,104416.7820069204,1.150503700580436,1.2091965436259602,remote,0.005098688572604739
408,142000.0,98000.0,United States,United States,"Associate Manager, Marketing Analytics",3.9,Altria,3922.57728927788,109743.59477124184,104416.7820069204,1.093457893830956,1.149240550164118,remote,0.005098688572604739
409,145600.0,91520.0,United States,United States,Robotics Engineer (AI),3.8123006833712982,Alpha Net Consulting,3922.57728927788,109743.59477124184,104416.7820069204,1.0803363991049846,1.1354496635621487,remote,0.005098688572604739
410,196000.0,119000.0,CT,Hartford,Artificial Intelligence (AI) Cybersecurity Architect,4.1,"The Travelers Companies, Inc.",1190.0,120480.0,112750.0,1.3072709163346614,1.3968957871396896,east,0.008403361344537815
411,77000.0,53000.0,CT,Hartford,Health edge Consultant,3.7,Infosys,1190.0,120480.0,112750.0,0.5395086321381142,0.5764966740576497,east,0.008403361344537815
413,148165.49199084667,104355.33180778033,CT,Groton,Data Mining Analyst - Life Sciences,3.8123006833712982,"Court Square Group, Inc.",1190.0,120480.0,112750.0,1.0479781864152848,1.1198262696169712,east,0.008403361344537815
414,130000.0,75000.0,CT,Stamford,"AVP, IT SOX Manager",4.2,Synchrony Financial,1190.0,120480.0,112750.0,0.8507636122177955,0.9090909090909092,east,0.008403361344537815
418,80000.0,57000.0,CT,Farmington,Machine Analyst - Service Center,3.8,TRUMPF,1190.0,120480.0,112750.0,0.5685590969455512,0.6075388026607539,east,0.008403361344537815
419,148165.49199084667,104355.33180778033,CT,Stamford,"Director, Data Science (On-Site)",3.3,SPECTRUM,1190.0,120480.0,112750.0,1.0479781864152848,1.1198262696169712,east,0.008403361344537815
420,87000.0,54000.0,NV,Las Vegas,AI Integration Specialist,3.9,De Castroverde Law Group,980.0,96800.0,86030.0,0.7283057851239669,0.8194815761943508,west,0.003061224489795918
421,148165.49199084667,104355.33180778033,NV,Las Vegas,Financial Data Analyst,3.8123006833712982,Las Vegas Grand Prix,980.0,96800.0,86030.0,1.304343098133404,1.4676323596340055,west,0.003061224489795918
422,75000.0,60000.0,NV,Las Vegas,Data Analyst,3.5,"Ellis Island Casino, Hotel & Brewery and Village Pub",980.0,96800.0,86030.0,0.6973140495867769,0.7846100197605487,west,0.003061224489795918
423,160000.0,117000.0,NE,Offutt A F B,NC3 Systems Engineer - Omaha,4.3,Johns Hopkins Applied Physics Laboratory (APL),1780.0,94960.0,92640.0,1.458508845829823,1.495034542314335,midwest,0.0005617977528089888
424,134000.0,98000.0,DE,Newark,Data Architect III,4.0,JPMorgan Chase & Co,530.0,130520.0,138780.0,0.8887526815813669,0.8358553105634817,south,0.0056603773584905665
425,102000.0,67000.0,DE,Wilmington,Manager of Web Conversion Analytics,3.3,OneMain Financial,530.0,130520.0,138780.0,0.647410358565737,0.6088773598501225,south,0.0056603773584905665
426,110000.0,74000.0,DE,Newark,"Data Analytics Solutions, Associate",4.0,JPMorgan Chase & Co,530.0,130520.0,138780.0,0.7048728164266013,0.662919729067589,south,0.0056603773584905665
428,47840.0,47840.0,NY,Rensselaer,Data Sciences Associate 24-00049,4.2,ALAANT,16390.0,134830.0,128890.0,0.3548171771860862,0.3711692140584995,east,0.001830384380719951
430,135000.0,125000.0,NY,New York,Mgr Data Science,3.4,Webster Bank,16390.0,134830.0,128890.0,0.9641771119187124,1.0086119947241834,east,0.001830384380719951
431,150000.0,140000.0,NY,New York,"Blackstone Data Science Engineering, Associate",5.0,Blackstone Group,16390.0,134830.0,128890.0,1.0754283171401025,1.124990301807743,east,0.001830384380719951
432,85000.0,70000.0,NY,Rego Park,Junior Data Analyst,2.9,CRC Management Co LLC,16390.0,134830.0,128890.0,0.5747978936438478,0.6012879199317247,east,0.001830384380719951
433,240000.0,180000.0,NY,New York,Basketball Data Science & Scheduling Lead,3.8,the NBA,16390.0,134830.0,128890.0,1.5575168730994586,1.6292962991698348,east,0.001830384380719951
434,153000.0,151000.0,NY,New York,"Associate, Data Science (Aladdin Engineering)",3.9,BlackRock,16390.0,134830.0,128890.0,1.1273455462434177,1.1793001784467376,east,0.001830384380719951
437,156000.0,114400.0,NY,New York,Data Science Summer Bootcamp Instructor,4.1,Research Foundation of The City University of New York,16390.0,134830.0,128890.0,1.0027441963954609,1.0489564745131508,east,0.001830384380719951
438,240000.0,200000.0,NY,New York,"Director, Data Science",3.8,KARGO,16390.0,134830.0,128890.0,1.6316843432470518,1.7068818372255412,east,0.001830384380719951
439,165000.0,90000.0,NY,New York,Manager-Data Science,4.1,Amex,16390.0,134830.0,128890.0,0.945635244381814,0.9892156102102568,east,0.001830384380719951
441,90000.0,75000.0,NY,Buffalo,Data Scientist [Post-Doc Research Fellow],3.8,Edison Welding Institute Inc,16390.0,134830.0,128890.0,0.6118816287176444,0.6400806889595779,east,0.001830384380719951
442,260000.0,107000.0,NY,New York,"Lead Product Manager - AI Checkout, Tech",3.8,PayPal,16390.0,134830.0,128890.0,1.3609730772083364,1.4236946233222127,east,0.001830384380719951
443,185000.0,109000.0,NY,New York,"Advisor, Data Science & Analytics",3.7,TransUnion,16390.0,134830.0,128890.0,1.090261811169621,1.1405074094188845,east,0.001830384380719951
445,165000.0,90000.0,NY,New York,Manager - Data Science,4.1,Amex,16390.0,134830.0,128890.0,0.945635244381814,0.9892156102102568,east,0.001830384380719951
446,234000.0,97000.0,NY,New York,"Manager, Product Data Science",3.8,PayPal,16390.0,134830.0,128890.0,1.2274716309426683,1.2840406548219412,east,0.001830384380719951
448,140000.0,140000.0,NY,New York,ML Ops Engineer - HSS Orthopedic Data Innovation Lab,3.9,Hospital for Special Surgery,16390.0,134830.0,128890.0,1.0383445820663058,1.0861975327798898,east,0.001830384380719951
450,65000.0,55000.0,NY,Syracuse,Manufacturing Data Analyst,3.5,ICM Controls,16390.0,134830.0,128890.0,0.4450048208855596,0.4655132283342384,east,0.001830384380719951
451,165000.0,117000.0,NY,New York,"VP, Portfolio Management Data Science",3.8,Santander Holdings USA Inc,16390.0,134830.0,128890.0,1.045761329081065,1.0939560865854605,east,0.001830384380719951
452,91000.0,91000.0,NY,"Lakeview, Nassau",Statistician,3.8123006833712982,Nassau University Medical Center,16390.0,134830.0,128890.0,0.6749239783430987,0.7060283963069284,east,0.001830384380719951
453,134000.0,118000.0,NY,New York,Senior Data Analyst - General Counsel Office of Systems and Analytics,3.6,NYCDOE - Office of the General Counsel,16390.0,134830.0,128890.0,0.9345101238596752,0.9775777795019008,east,0.001830384380719951
454,270000.0,190000.0,NY,New York,"Principal Data Scientist, Experimentation",3.8,Rokt,16390.0,134830.0,128890.0,1.7058518133946452,1.7844673752812477,east,0.001830384380719951
455,250000.0,250000.0,NY,New York,NLP Researcher,3.1,Selby Jennings,16390.0,134830.0,128890.0,1.8541867536898315,1.9396384513926603,east,0.001830384380719951
456,269000.0,160000.0,NY,New York,"Vice President, Data Science",3.8123006833712982,Insagic,16390.0,134830.0,128890.0,1.5908922346658756,1.6642097912949023,east,0.001830384380719951
457,148165.49199084667,104355.33180778033,WA,Seattle,Cell Therapy Navigators,3.6,Inizio Engage,5640.0,148730.0,132620.0,0.8489236327527299,0.9520465382243516,west,0.0033687943262411344
459,72800.0,66560.0,WA,Kennewick,Community Hub Data Analyst,3.8123006833712982,Greater Health Now,5640.0,148730.0,132620.0,0.4684999663820345,0.5254109485748756,west,0.0033687943262411344
461,156000.0,156000.0,WA,Seattle,Sr Engineer (Data Science),4.3,Zenith Services,5640.0,148730.0,132620.0,1.0488805217508237,1.176293168451214,west,0.0033687943262411344
462,180000.0,160000.0,WA,Seattle,Data Scientist - Analytics,3.1,Stackline,5640.0,148730.0,132620.0,1.1430108249848718,1.281857939978887,west,0.0033687943262411344
463,168000.0,83000.0,WA,Redmond,People Data Analyst,4.3,Microsoft,5640.0,148730.0,132620.0,0.8438109325623613,0.9463127733373548,west,0.0033687943262411344
466,160000.0,128000.0,WA,Seattle,Senior Data Analyst- New Initiatives,3.8,Remitly,5640.0,148730.0,132620.0,0.968197404693068,1.0858090785703514,west,0.0033687943262411344
470,148165.49199084667,104355.33180778033,WA,Bellevue,AI/ML Engineer,3.8123006833712982,BELVA,5640.0,148730.0,132620.0,0.8489236327527299,0.9520465382243516,west,0.0033687943262411344
471,193000.0,98000.0,WA,Redmond,Data Scientist,4.3,Microsoft,5640.0,148730.0,132620.0,0.9782827943252874,1.097119589805459,west,0.0033687943262411344
472,124000.0,83000.0,WA,Shelton,Lead Hospital Data Analyst,3.3,Clinical Management Consultants,5640.0,148730.0,132620.0,0.6958918846231426,0.7804252752224401,west,0.0033687943262411344
473,153000.0,103000.0,WA,Seattle,"Manager, Data Science and BI",4.0,Smartsheet,5640.0,148730.0,132620.0,0.8606199152827271,0.965163625395868,west,0.0033687943262411344
474,198000.0,151000.0,WA,Seattle,Senior Machine Learning Engineer II,3.7,FIS Global,5640.0,148730.0,132620.0,1.1732669938815303,1.3157894736842106,west,0.0033687943262411344
475,104000.0,62400.0,WA,Seattle,Data Engineer,3.6,Inspur USA Inc.,5640.0,148730.0,132620.0,0.5594029449337726,0.6273563565073141,west,0.0033687943262411344
476,165000.0,129000.0,MI,Battle Creek,Senior Data Scientist,3.9,Kellanova,4700.0,96500.0,90750.0,1.523316062176166,1.6198347107438016,midwest,0.001276595744680851
478,180000.0,160000.0,MI,Ann Arbor,Data Science Manager - Analytics & Insights,3.8123006833712982,SAGCLAY,4700.0,96500.0,90750.0,1.761658031088083,1.8732782369146008,midwest,0.001276595744680851
480,148165.49199084667,104355.33180778033,MI,Detroit,"Senior Product Manager, Generalist - Remote",4.4,Dropbox,4700.0,96500.0,90750.0,1.308398050770088,1.391299304675631,midwest,0.001276595744680851
481,127000.0,68000.0,MI,Detroit,Medical Sales Representative,3.6,Inizio Engage,4700.0,96500.0,90750.0,1.0103626943005182,1.0743801652892562,midwest,0.001276595744680851
484,82000.0,58000.0,KY,Lexington,Supply Chain Analyst,3.5,Tempur Sealy,2080.0,96290.0,88800.0,0.7269706096167826,0.7882882882882883,south,0.0014423076923076922
488,168000.0,109000.0,NH,Nashua,Product Management Leader- AI,4.1,Optimizely,780.0,97330.0,92670.0,1.4229939381485668,1.4945505557354053,east,0.007692307692307693
490,120000.0,75000.0,NH,Concord,Data Scientist,4.2,Alexander Technology Group,780.0,97330.0,92670.0,1.0017466351587383,1.0521204273227582,east,0.007692307692307693
491,106000.0,71000.0,IN,West Lafayette,Data Science Technical Specialist,4.3,Purdue University,2440.0,92520.0,81620.0,0.956549935149157,1.0842930654251408,midwest,0.000819672131147541
492,71000.0,68000.0,IN,Jeffersonville,Manufacturing Production Supervisor,3.8123006833712982,Resident,2440.0,92520.0,81620.0,0.7511889321227843,0.8515069835824552,midwest,0.000819672131147541
494,143520.0,104000.0,SC,Greenville,Data Scientist 192840,4.0,HKA Enterprises,2090.0,100790.0,95310.0,1.2278995932136123,1.298499632777253,south,0.0009569377990430622
495,175000.0,116000.0,UT,Sandy,Data Scientist Manager,4.2,Suncrest Hospice,3530.0,101780.0,97490.0,1.4295539398703083,1.492460765206688,west,0.00028328611898016995
497,41600.0,41600.0,MS,Greenville,Field Data Collector (PPC),3.9,Mathematica Policy Research,290.0,72220.0,62600.0,0.5760177236222653,0.6645367412140575,south,0.006896551724137931
498,186000.0,76000.0,LA,Lafayette,Data Analytics Specialist,3.8,"CGI Group, Inc.",920.0,74330.0,68730.0,1.762410870442621,1.9060090208060527,south,0.0010869565217391304
